region,gender,year,sat_total,sat_very_satisfied,sat_very_dissatisfied,sat_neutral,sat_somewhat_satisfied,sat_somewhat_dissatisfied,satisfaction_score,satisfaction_positive_rate,satisfaction_negative_rate,suicide_rate
강원특별자치도,계,2020,100.0,13.9,2.5,42.3,31.9,9.4,3.4529999999999994,45.8,11.9,33.2
강원특별자치도,계,2021,100.0,12.2,4.0,43.6,25.3,15.0,3.27,37.5,19.0,32.7
강원특별자치도,계,2022,100.0,13.7,2.0,40.3,31.9,12.1,3.432,45.599999999999994,14.1,33.1
강원특별자치도,계,2023,100.0,14.1,1.8,40.3,33.0,10.7,3.466,47.1,12.5,34.7
강원특별자치도,계,2024,100.0,12.1,1.7,47.7,30.1,8.5,3.4270000000000005,42.2,10.2,34.3
강원특별자치도,남자,2020,100.0,13.8,2.5,42.2,33.1,8.4,3.4730000000000003,46.900000000000006,10.9,45.6
강원특별자치도,남자,2021,100.0,13.6,4.1,43.8,23.4,15.0,3.2709999999999995,37.0,19.1,45.4
강원특별자치도,남자,2022,100.0,15.5,1.9,39.0,31.8,11.8,3.472,47.3,13.700000000000001,47.5
강원특별자치도,남자,2023,100.0,15.7,1.6,39.1,33.2,10.4,3.51,48.900000000000006,12.0,50.7
강원특별자치도,남자,2024,100.0,12.4,1.5,46.5,32.2,7.5,3.468,44.6,9.0,52.3
강원특별자치도,여자,2020,100.0,13.9,2.6,42.4,30.7,10.3,3.427,44.6,12.9,20.7
강원특별자치도,여자,2021,100.0,10.8,3.8,43.3,27.2,14.9,3.2629999999999995,38.0,18.7,19.9
강원특별자치도,여자,2022,100.0,11.9,2.1,41.5,32.0,12.5,3.391,43.9,14.6,18.5
강원특별자치도,여자,2023,100.0,12.5,2.0,41.5,32.9,11.1,3.4279999999999995,45.4,13.1,18.6
강원특별자치도,여자,2024,100.0,11.8,1.9,48.8,28.0,9.5,3.3829999999999996,39.8,11.4,16.2
경기도,계,2020,100.0,15.2,2.6,43.3,29.1,9.8,3.445,44.3,12.4,23.7
경기도,계,2021,100.0,10.0,5.2,41.0,23.3,20.5,3.1239999999999997,33.3,25.7,23.6
경기도,계,2022,100.0,12.4,2.7,42.9,30.2,11.8,3.378,42.6,14.5,23.1
경기도,계,2023,100.0,11.8,3.3,43.1,29.5,12.3,3.3420000000000005,41.3,15.600000000000001,25.1
경기도,계,2024,100.0,10.3,2.3,51.4,25.4,10.7,3.31,35.7,13.0,28.2
경기도,남자,2020,100.0,15.8,2.7,42.6,29.1,9.8,3.455,44.900000000000006,12.5,32.3
경기도,남자,2021,100.0,10.4,5.5,41.1,22.7,20.4,3.1240000000000006,33.1,25.9,31.3
경기도,남자,2022,100.0,11.6,2.7,43.1,30.9,11.6,3.3680000000000003,42.5,14.3,31.4
경기도,남자,2023,100.0,12.2,3.7,43.1,29.2,11.7,3.342,41.4,15.399999999999999,35.1
경기도,남자,2024,100.0,10.5,2.1,51.9,25.6,10.0,3.327,36.1,12.1,39.5
경기도,여자,2020,100.0,14.5,2.4,44.0,29.2,9.9,3.435,43.7,12.3,14.9
경기도,여자,2021,100.0,9.6,4.9,41.0,23.9,20.6,3.127,33.5,25.5,15.7
경기도,여자,2022,100.0,13.2,2.6,42.7,29.5,11.9,3.385,42.7,14.5,14.6
경기도,여자,2023,100.0,11.5,2.8,43.1,29.7,12.9,3.342,41.2,15.7,15.1
경기도,여자,2024,100.0,10.2,2.4,50.9,25.1,11.3,3.2910000000000004,35.3,13.700000000000001,16.7
경상남도,계,2020,100.0,14.6,1.8,43.0,31.3,9.3,3.4760000000000004,45.9,11.100000000000001,25.3
경상남도,계,2021,100.0,8.2,4.2,45.4,24.1,18.0,3.1379999999999995,32.3,22.2,26.3
경상남도,계,2022,100.0,10.1,1.9,43.1,32.8,12.1,3.3710000000000004,42.9,14.0,26.7
경상남도,계,2023,100.0,10.7,2.4,43.6,33.7,9.7,3.4090000000000003,44.400000000000006,12.1,28.5
경상남도,계,2024,100.0,10.4,1.5,45.2,32.5,10.3,3.3970000000000002,42.9,11.8,28.5
경상남도,남자,2020,100.0,16.0,2.1,41.9,31.6,8.5,3.512,47.6,10.6,36.3
경상남도,남자,2021,100.0,8.4,5.5,45.2,23.0,17.9,3.1090000000000004,31.4,23.4,37.6
경상남도,남자,2022,100.0,10.9,2.1,42.6,33.1,11.3,3.3939999999999997,44.0,13.4,39.7
경상남도,남자,2023,100.0,11.3,2.5,42.0,34.8,9.5,3.432,46.099999999999994,12.0,39.3
경상남도,남자,2024,100.0,10.3,1.5,44.5,32.8,10.9,3.395,43.099999999999994,12.4,40.8
경상남도,여자,2020,100.0,13.2,1.5,44.2,30.9,10.2,3.4410000000000003,44.099999999999994,11.7,14.3
경상남도,여자,2021,100.0,8.0,3.0,45.6,25.2,18.1,3.168,33.2,21.1,14.9
경상남도,여자,2022,100.0,9.4,1.6,43.5,32.6,12.8,3.3510000000000004,42.0,14.4,13.6
경상남도,여자,2023,100.0,10.2,2.3,45.1,32.5,10.0,3.386,42.7,12.3,17.6
경상남도,여자,2024,100.0,10.5,1.5,46.0,32.2,9.7,3.4020000000000006,42.7,11.2,16.0
경상북도,계,2020,100.0,9.7,1.7,52.5,24.7,11.4,3.293,34.4,13.1,28.6
경상북도,계,2021,100.0,7.7,4.8,46.9,19.8,20.8,3.048,27.5,25.6,29.0
경상북도,계,2022,100.0,11.5,2.0,42.4,32.3,11.8,3.395,43.8,13.8,26.8
경상북도,계,2023,100.0,10.2,2.7,47.1,27.9,12.0,3.306,38.099999999999994,14.7,30.5
경상북도,계,2024,100.0,9.2,2.2,46.2,31.7,10.7,3.35,40.9,12.899999999999999,31.6
경상북도,남자,2020,100.0,10.9,2.2,52.5,24.4,9.9,3.3160000000000003,35.3,12.100000000000001,37.8
경상북도,남자,2021,100.0,8.1,5.5,47.6,19.0,19.7,3.0420000000000003,27.1,25.2,40.8
경상북도,남자,2022,100.0,13.0,1.9,41.5,31.6,12.1,3.42,44.6,14.0,38.8
경상북도,남자,2023,100.0,10.7,2.4,44.3,30.5,12.1,3.35,41.2,14.5,44.2
경상북도,남자,2024,100.0,10.4,2.6,44.0,31.8,11.3,3.364,42.2,13.9,46.6
경상북도,여자,2020,100.0,8.5,1.3,52.6,24.9,12.8,3.2680000000000002,33.4,14.100000000000001,19.3
경상북도,여자,2021,100.0,7.2,4.1,46.2,20.6,21.9,3.0490000000000004,27.8,26.0,17.1
경상북도,여자,2022,100.0,10.1,2.2,43.3,33.0,11.5,3.3759999999999994,43.1,13.7,14.7
경상북도,여자,2023,100.0,9.8,3.0,50.0,25.3,12.0,3.272,35.1,15.0,16.6
경상북도,여자,2024,100.0,8.0,1.9,48.4,31.7,10.1,3.3409999999999997,39.7,12.0,16.3
광주광역시,계,2020,100.0,15.5,2.5,46.4,27.9,7.8,3.464,43.4,10.3,22.6
광주광역시,계,2021,100.0,10.3,4.2,42.5,27.8,15.3,3.25,38.1,19.5,26.4
광주광역시,계,2022,100.0,14.1,2.1,40.9,32.1,10.8,3.4529999999999994,46.2,12.9,25.0
광주광역시,계,2023,100.0,11.4,2.5,44.2,31.6,10.2,3.3890000000000002,43.0,12.7,27.3
광주광역시,계,2024,100.0,13.2,1.9,48.6,27.5,8.9,3.415,40.7,10.8,29.9
광주광역시,남자,2020,100.0,17.5,3.1,46.7,26.2,6.5,3.485,43.7,9.6,31.1
광주광역시,남자,2021,100.0,11.6,5.5,39.5,27.8,15.7,3.2460000000000004,39.4,21.2,38.0
광주광역시,남자,2022,100.0,17.1,2.2,40.1,30.3,10.4,3.5,47.400000000000006,12.600000000000001,37.3
광주광역시,남자,2023,100.0,11.7,2.7,45.7,30.2,9.6,3.383,41.9,12.3,39.5
광주광역시,남자,2024,100.0,14.0,1.9,47.6,27.8,8.7,3.4330000000000003,41.8,10.6,44.2
광주광역시,여자,2020,100.0,13.5,1.9,46.0,29.4,9.1,3.432,42.9,11.0,14.2
광주광역시,여자,2021,100.0,9.0,3.0,45.4,27.8,14.8,3.25,36.8,17.8,15.1
광주광역시,여자,2022,100.0,11.2,2.0,41.7,33.9,11.1,3.409,45.099999999999994,13.1,13.0
광주광역시,여자,2023,100.0,11.2,2.2,42.8,33.0,10.8,3.4019999999999997,44.2,13.0,15.4
광주광역시,여자,2024,100.0,12.5,1.9,49.5,27.1,9.1,3.395,39.6,11.0,16.0
대구광역시,계,2020,100.0,9.7,2.1,51.1,23.5,13.7,3.253,33.2,15.799999999999999,26.1
대구광역시,계,2021,100.0,9.4,3.5,46.0,21.6,19.6,3.141,31.0,23.1,26.3
대구광역시,계,2022,100.0,11.4,2.2,43.8,29.8,12.8,3.3539999999999996,41.2,15.0,27.0
대구광역시,계,2023,100.0,11.2,3.1,45.2,26.4,14.2,3.2870000000000004,37.599999999999994,17.3,28.1
대구광역시,계,2024,100.0,9.2,2.5,42.6,26.9,18.9,3.2170000000000005,36.099999999999994,21.4,29.4
대구광역시,남자,2020,100.0,9.9,2.2,50.0,24.0,13.9,3.255,33.9,16.1,35.8
대구광역시,남자,2021,100.0,8.8,3.8,45.6,21.5,20.2,3.11,30.3,24.0,38.2
대구광역시,남자,2022,100.0,12.5,2.9,41.5,30.5,12.7,3.373,43.0,15.6,39.1
대구광역시,남자,2023,100.0,11.5,3.6,45.2,25.7,14.0,3.275,37.2,17.6,39.1
대구광역시,남자,2024,100.0,8.5,3.0,42.1,28.1,18.3,3.208,36.6,21.3,40.2
대구광역시,여자,2020,100.0,9.5,2.1,52.1,22.9,13.5,3.245,32.4,15.6,16.6
대구광역시,여자,2021,100.0,10.0,3.1,46.3,21.6,19.0,3.1639999999999997,31.6,22.1,14.7
대구광역시,여자,2022,100.0,10.4,1.6,46.0,29.1,12.9,3.338,39.5,14.5,15.2
대구광역시,여자,2023,100.0,10.8,2.5,45.2,27.0,14.4,3.289,37.8,16.9,17.4
대구광역시,여자,2024,100.0,9.9,2.1,43.0,25.7,19.4,3.222,35.6,21.5,19.0
대전광역시,계,2020,100.0,14.5,1.8,46.0,26.8,10.8,3.411,41.3,12.600000000000001,27.2
대전광역시,계,2021,100.0,9.5,4.2,38.7,30.2,17.4,3.2340000000000004,39.7,21.599999999999998,29.3
대전광역시,계,2022,100.0,13.8,2.0,37.2,37.5,9.5,3.516,51.3,11.5,25.7
대전광역시,계,2023,100.0,14.6,2.3,39.2,34.4,9.5,3.495,49.0,11.8,26.4
대전광역시,계,2024,100.0,16.0,1.5,43.2,31.2,8.1,3.5210000000000004,47.2,9.6,31.2
대전광역시,남자,2020,100.0,17.0,2.4,44.0,26.8,9.8,3.4619999999999997,43.8,12.200000000000001,37.9
대전광역시,남자,2021,100.0,7.6,4.8,39.8,30.4,17.4,3.1860000000000004,38.0,22.2,39.8
대전광역시,남자,2022,100.0,14.8,1.6,39.2,34.5,10.0,3.5120000000000005,49.3,11.6,33.1
대전광역시,남자,2023,100.0,14.9,3.0,37.6,34.1,10.4,3.475,49.0,13.4,35.0
대전광역시,남자,2024,100.0,17.1,1.4,41.2,30.9,9.5,3.531,48.0,10.9,41.7
대전광역시,여자,2020,100.0,12.1,1.3,48.0,26.9,11.8,3.37,39.0,13.100000000000001,16.5
대전광역시,여자,2021,100.0,11.4,3.6,37.7,30.0,17.3,3.283,41.4,20.900000000000002,18.8
대전광역시,여자,2022,100.0,12.8,2.4,35.2,40.6,9.0,3.5239999999999996,53.400000000000006,11.4,18.4
대전광역시,여자,2023,100.0,14.3,1.6,40.7,34.7,8.6,3.5120000000000005,49.0,10.2,17.9
대전광역시,여자,2024,100.0,14.9,1.5,45.3,31.5,6.7,3.5129999999999995,46.4,8.2,20.8
부산광역시,계,2020,100.0,13.5,2.5,46.1,26.6,11.3,3.373,40.1,13.8,27.4
부산광역시,계,2021,100.0,6.8,5.9,46.4,24.3,16.6,3.095,31.1,22.5,27.7
부산광역시,계,2022,100.0,10.8,2.7,43.7,30.2,12.5,3.3360000000000003,41.0,15.2,27.3
부산광역시,계,2023,100.0,10.2,3.0,44.2,30.3,12.3,3.3240000000000003,40.5,15.3,29.1
부산광역시,계,2024,100.0,12.1,3.0,47.5,25.4,12.0,3.3160000000000003,37.5,15.0,30.3
부산광역시,남자,2020,100.0,14.6,1.9,47.5,25.4,10.7,3.404,40.0,12.6,38.8
부산광역시,남자,2021,100.0,6.9,6.5,46.6,23.4,16.5,3.074,30.299999999999997,23.0,37.9
부산광역시,남자,2022,100.0,11.0,2.8,43.8,29.8,12.6,3.336,40.8,15.399999999999999,39.1
부산광역시,남자,2023,100.0,10.7,3.7,44.3,29.3,11.9,3.3109999999999995,40.0,15.600000000000001,42.7
부산광역시,남자,2024,100.0,13.0,3.1,48.6,24.7,10.6,3.3390000000000004,37.7,13.7,42.7
부산광역시,여자,2020,100.0,12.6,3.1,44.8,27.7,11.8,3.3489999999999998,40.3,14.9,16.4
부산광역시,여자,2021,100.0,6.7,5.3,46.3,25.1,16.7,3.115,31.8,22.0,17.9
부산광역시,여자,2022,100.0,10.6,2.6,43.7,30.7,12.4,3.343,41.3,15.0,16.0
부산광역시,여자,2023,100.0,9.7,2.3,44.0,31.3,12.7,3.3339999999999996,41.0,15.0,16.2
부산광역시,여자,2024,100.0,11.3,3.0,46.5,25.9,13.3,3.292,37.2,16.3,18.5
서울특별시,계,2020,100.0,15.5,2.5,40.4,30.9,10.7,3.4619999999999997,46.4,13.2,22.7
서울특별시,계,2021,100.0,9.3,5.5,42.3,24.8,18.1,3.1430000000000002,34.1,23.6,22.6
서울특별시,계,2022,100.0,11.7,2.9,41.9,31.5,12.0,3.3710000000000004,43.2,14.9,21.4
서울특별시,계,2023,100.0,11.4,3.1,43.3,30.5,11.8,3.356,41.9,14.9,23.2
서울특별시,계,2024,100.0,12.4,2.6,41.8,33.9,9.3,3.4419999999999997,46.3,11.9,24.1
서울특별시,남자,2020,100.0,17.5,2.4,40.9,30.3,9.0,3.5180000000000002,47.8,11.4,30.3
서울특별시,남자,2021,100.0,9.5,6.0,42.0,23.5,19.0,3.115,33.0,25.0,30.5
서울특별시,남자,2022,100.0,13.0,3.2,41.3,30.7,11.8,3.385,43.7,15.0,28.9
서울특별시,남자,2023,100.0,11.4,3.4,43.9,29.9,11.4,3.345,41.3,14.8,31.2
서울특별시,남자,2024,100.0,12.9,2.8,42.2,33.1,8.9,3.4410000000000003,46.0,11.7,33.9
서울특별시,여자,2020,100.0,13.7,2.7,39.9,31.5,12.3,3.415,45.2,15.0,15.4
서울특별시,여자,2021,100.0,9.1,5.0,42.6,26.0,17.3,3.1689999999999996,35.1,22.3,15.0
서울특별시,여자,2022,100.0,10.5,2.6,42.5,32.3,12.2,3.362,42.8,14.799999999999999,14.4
서울특별시,여자,2023,100.0,11.4,2.8,42.8,30.9,12.1,3.36,42.3,14.899999999999999,15.6
서울특별시,여자,2024,100.0,12.0,2.5,41.4,34.6,9.6,3.4429999999999996,46.6,12.1,14.9
세종특별자치시,계,2020,100.0,25.2,1.6,33.0,33.5,6.8,3.742,58.7,8.4,18.4
세종특별자치시,계,2021,100.0,16.0,4.1,34.8,30.1,15.0,3.389,46.1,19.1,19.0
세종특별자치시,계,2022,100.0,17.9,1.4,36.5,34.9,9.3,3.5860000000000003,52.8,10.700000000000001,23.3
세종특별자치시,계,2023,100.0,15.9,2.2,35.1,37.4,9.3,3.552,53.3,11.5,20.0
세종특별자치시,계,2024,100.0,16.5,3.4,36.4,26.3,17.4,3.3509999999999995,42.8,20.799999999999997,23.0
세종특별자치시,남자,2020,100.0,26.6,1.5,32.6,32.8,6.5,3.765,59.4,8.0,18.5
세종특별자치시,남자,2021,100.0,17.2,4.9,36.0,27.7,14.2,3.3810000000000002,44.9,19.1,24.3
세종특별자치시,남자,2022,100.0,19.3,1.4,36.9,34.6,7.8,3.6260000000000003,53.900000000000006,9.2,34.0
세종특별자치시,남자,2023,100.0,16.7,2.2,35.9,36.1,9.0,3.5580000000000003,52.8,11.2,22.5
세종특별자치시,남자,2024,100.0,17.9,4.0,35.9,24.9,17.4,3.3560000000000003,42.8,21.4,29.0
세종특별자치시,여자,2020,100.0,23.7,1.7,33.3,34.2,7.0,3.7089999999999996,57.900000000000006,8.7,18.4
세종특별자치시,여자,2021,100.0,14.8,3.3,33.5,32.5,15.9,3.3960000000000004,47.3,19.2,13.8
세종특별자치시,여자,2022,100.0,16.5,1.4,36.1,35.2,10.7,3.5440000000000005,51.7,12.1,12.7
세종특별자치시,여자,2023,100.0,15.2,2.2,34.3,38.6,9.7,3.549,53.8,11.899999999999999,17.6
세종특별자치시,여자,2024,100.0,15.2,2.8,36.9,27.6,17.5,3.3489999999999998,42.8,20.3,16.9
울산광역시,계,2020,100.0,11.5,1.4,48.4,29.2,9.4,3.397,40.7,10.8,26.4
울산광역시,계,2021,100.0,13.2,5.6,39.6,23.3,18.3,3.202,36.5,23.9,28.5
울산광역시,계,2022,100.0,12.7,3.7,41.7,28.9,13.1,3.341,41.599999999999994,16.8,26.3
울산광역시,계,2023,100.0,11.0,3.2,41.4,30.4,14.0,3.32,41.4,17.2,32.7
울산광역시,계,2024,100.0,13.4,1.7,49.6,27.2,8.1,3.425,40.6,9.799999999999999,29.2
울산광역시,남자,2020,100.0,11.6,1.7,49.9,27.7,9.1,3.384,39.3,10.799999999999999,36.7
울산광역시,남자,2021,100.0,11.9,6.0,38.4,23.9,19.7,3.157,35.8,25.7,40.7
울산광역시,남자,2022,100.0,12.3,4.1,40.8,28.9,14.0,3.3160000000000003,41.2,18.1,36.1
울산광역시,남자,2023,100.0,9.8,3.5,38.2,34.6,13.9,3.333,44.400000000000006,17.4,46.8
울산광역시,남자,2024,100.0,14.7,1.7,49.9,25.8,7.9,3.4389999999999996,40.5,9.6,41.1
울산광역시,여자,2020,100.0,11.5,1.1,46.8,30.9,9.8,3.4219999999999993,42.4,10.9,15.6
울산광역시,여자,2021,100.0,14.6,5.3,40.8,22.6,16.7,3.245,37.2,22.0,15.5
울산광역시,여자,2022,100.0,13.1,3.2,42.7,29.0,12.1,3.37,42.1,15.3,16.1
울산광역시,여자,2023,100.0,12.3,3.0,44.8,25.8,14.1,3.3029999999999995,38.1,17.1,17.9
울산광역시,여자,2024,100.0,12.1,1.7,49.2,28.7,8.4,3.414,40.8,10.1,16.7
인천광역시,계,2020,100.0,14.6,3.0,45.1,27.8,9.5,3.415,42.4,12.5,26.5
인천광역시,계,2021,100.0,10.3,5.7,45.9,20.8,17.3,3.127,31.1,23.0,25.9
인천광역시,계,2022,100.0,11.9,3.5,45.7,27.4,11.5,3.3270000000000004,39.3,15.0,25.8
인천광역시,계,2023,100.0,12.6,3.5,46.2,27.2,10.4,3.3470000000000004,39.8,13.9,28.8
인천광역시,계,2024,100.0,9.5,2.2,58.3,18.5,11.6,3.2179999999999995,28.0,13.8,31.2
인천광역시,남자,2020,100.0,15.3,2.8,45.7,27.4,8.8,3.4360000000000004,42.7,11.600000000000001,37.0
인천광역시,남자,2021,100.0,11.3,6.1,45.3,19.7,17.8,3.1289999999999996,31.0,23.9,34.5
인천광역시,남자,2022,100.0,12.2,4.8,47.3,24.1,11.6,3.2729999999999997,36.3,16.4,35.0
인천광역시,남자,2023,100.0,12.9,3.6,47.4,25.5,10.6,3.335,38.4,14.2,40.8
인천광역시,남자,2024,100.0,10.5,2.6,57.5,18.5,10.9,3.234,29.0,13.5,45.9
인천광역시,여자,2020,100.0,13.8,3.2,44.6,28.1,10.3,3.39,41.900000000000006,13.5,15.9
인천광역시,여자,2021,100.0,9.4,5.4,46.5,21.8,16.8,3.127,31.200000000000003,22.200000000000003,17.3
인천광역시,여자,2022,100.0,11.7,2.1,44.0,30.8,11.4,3.386,42.5,13.5,16.6
인천광역시,여자,2023,100.0,12.3,3.4,45.1,28.9,10.3,3.364,41.2,13.700000000000001,16.8
인천광역시,여자,2024,100.0,8.5,1.7,59.0,18.5,12.3,3.198,27.0,14.0,16.6
전국,계,2020,100.0,14.1,2.3,44.9,28.6,10.2,3.4229999999999996,42.7,12.5,25.7
전국,계,2021,100.0,9.8,4.8,43.1,24.2,18.1,3.161,34.0,22.900000000000002,26.0
전국,계,2022,100.0,12.1,2.5,42.6,31.2,11.6,3.388,43.3,14.1,25.2
전국,계,2023,100.0,11.9,3.0,43.3,30.3,11.5,3.3659999999999997,42.2,14.5,27.3
전국,계,2024,100.0,11.5,2.2,47.2,28.6,10.5,3.3670000000000004,40.1,12.7,29.1
전국,남자,2020,100.0,15.2,2.3,44.6,28.3,9.5,3.443,43.5,11.8,35.5
전국,남자,2021,100.0,10.2,5.3,42.8,23.6,18.2,3.155,33.8,23.5,35.9
전국,남자,2022,100.0,12.6,2.7,42.4,30.8,11.4,3.389,43.4,14.100000000000001,35.3
전국,남자,2023,100.0,12.4,3.3,43.0,30.1,11.3,3.373,42.5,14.600000000000001,38.3
전국,남자,2024,100.0,11.9,2.3,47.1,28.6,10.1,3.3770000000000007,40.5,12.399999999999999,41.8
전국,여자,2020,100.0,13.0,2.2,45.1,28.9,10.8,3.3970000000000002,41.9,13.0,15.9
전국,여자,2021,100.0,9.5,4.3,43.4,24.8,18.1,3.174,34.3,22.400000000000002,16.2
전국,여자,2022,100.0,11.6,2.3,42.7,31.6,11.7,3.3820000000000006,43.2,14.0,15.1
전국,여자,2023,100.0,11.5,2.7,43.6,30.5,11.8,3.366,42.0,14.5,16.5
전국,여자,2024,100.0,11.1,2.2,47.3,28.6,10.9,3.3579999999999997,39.7,13.100000000000001,16.6
전라남도,계,2020,100.0,14.2,1.5,49.3,26.7,8.2,3.4359999999999995,40.9,9.7,28.5
전라남도,계,2021,100.0,11.6,3.5,44.3,25.9,14.6,3.2719999999999994,37.5,18.1,30.2
전라남도,계,2022,100.0,12.2,2.3,41.6,32.5,11.4,3.409,44.7,13.7,26.6
전라남도,계,2023,100.0,13.5,2.2,46.7,28.5,9.1,3.42,42.0,11.3,29.2
전라남도,계,2024,100.0,10.3,1.8,45.4,29.9,12.6,3.3429999999999995,40.2,14.4,34.5
전라남도,남자,2020,100.0,16.3,1.7,46.9,28.1,7.0,3.5029999999999997,44.400000000000006,8.7,41.3
전라남도,남자,2021,100.0,12.6,4.4,43.4,25.2,14.5,3.2739999999999996,37.8,18.9,42.7
전라남도,남자,2022,100.0,13.7,2.1,40.5,31.9,11.7,3.431,45.599999999999994,13.799999999999999,38.7
전라남도,남자,2023,100.0,15.0,1.9,44.1,28.1,10.9,3.4339999999999997,43.1,12.8,40.9
전라남도,남자,2024,100.0,10.8,1.7,45.6,30.5,11.3,3.3710000000000004,41.3,13.0,53.6
전라남도,여자,2020,100.0,12.2,1.4,51.7,25.3,9.4,3.375,37.5,10.8,15.6
전라남도,여자,2021,100.0,10.5,2.7,45.2,26.7,14.8,3.2720000000000002,37.2,17.5,17.6
전라남도,여자,2022,100.0,10.7,2.6,42.6,33.1,11.0,3.383,43.8,13.6,14.5
전라남도,여자,2023,100.0,12.0,2.5,49.4,28.8,7.3,3.405,40.8,9.8,17.4
전라남도,여자,2024,100.0,9.9,1.9,45.2,29.2,13.8,3.3140000000000005,39.1,15.700000000000001,15.1
충청남도,계,2020,100.0,12.1,1.4,52.8,24.7,8.9,3.3689999999999998,36.8,10.3,34.7
충청남도,계,2021,100.0,12.4,2.8,41.7,27.8,15.3,3.3169999999999997,40.2,18.1,32.2
충청남도,계,2022,100.0,15.2,1.7,43.1,32.3,7.7,3.516,47.5,9.4,33.2
충청남도,계,2023,100.0,15.1,2.3,43.3,30.0,9.4,3.465,45.1,11.7,36.5
충청남도,계,2024,100.0,16.3,1.3,46.7,30.7,4.9,3.555,47.0,6.2,34.8
충청남도,남자,2020,100.0,13.2,1.7,51.0,24.4,9.8,3.3789999999999996,37.599999999999994,11.5,47.9
충청남도,남자,2021,100.0,14.0,3.2,39.4,28.7,14.7,3.356,42.7,17.9,45.0
충청남도,남자,2022,100.0,16.1,1.7,43.9,30.7,7.6,3.5189999999999997,46.8,9.299999999999999,48.3
충청남도,남자,2023,100.0,17.0,2.3,43.1,29.2,8.3,3.5,46.2,10.600000000000001,50.0
충청남도,남자,2024,100.0,17.2,1.8,44.5,31.2,5.2,3.565,48.4,7.0,51.1
충청남도,여자,2020,100.0,11.1,1.1,54.8,25.0,8.0,3.37,36.1,9.1,21.0
충청남도,여자,2021,100.0,10.8,2.4,44.1,26.8,15.9,3.2769999999999997,37.6,18.3,18.8
충청남도,여자,2022,100.0,14.4,1.7,42.3,33.9,7.8,3.5179999999999993,48.3,9.5,17.3
충청남도,여자,2023,100.0,13.0,2.2,43.4,30.8,10.5,3.4159999999999995,43.8,12.7,22.2
충청남도,여자,2024,100.0,15.3,0.7,49.1,30.3,4.6,3.5490000000000004,45.6,5.3,17.6
충청북도,계,2020,100.0,12.4,2.4,46.8,28.1,10.4,3.38,40.5,12.8,27.1
충청북도,계,2021,100.0,11.0,3.4,46.2,24.5,14.8,3.2460000000000004,35.5,18.2,31.8
충청북도,계,2022,100.0,11.4,2.6,43.2,31.2,11.6,3.3720000000000003,42.6,14.2,29.0
충청북도,계,2023,100.0,13.5,3.2,39.9,31.8,11.6,3.408,45.3,14.8,33.3
충청북도,계,2024,100.0,13.0,2.2,47.0,27.7,10.0,3.39,40.7,12.2,31.8
충청북도,남자,2020,100.0,13.1,1.7,47.4,27.8,9.9,3.404,40.9,11.6,38.5
충청북도,남자,2021,100.0,11.4,3.7,46.5,24.9,13.5,3.2679999999999993,36.3,17.2,44.5
충청북도,남자,2022,100.0,11.5,2.6,44.0,30.2,11.6,3.361,41.7,14.2,38.3
충청북도,남자,2023,100.0,13.3,3.6,41.1,30.8,11.2,3.39,44.1,14.799999999999999,45.3
충청북도,남자,2024,100.0,12.4,2.3,47.2,28.1,10.0,3.383000000000001,40.5,12.3,46.7
충청북도,여자,2020,100.0,11.6,3.1,46.1,28.3,10.9,3.3440000000000003,39.9,14.0,15.4
충청북도,여자,2021,100.0,10.6,3.1,46.0,24.1,16.3,3.2310000000000003,34.7,19.400000000000002,18.7
충청북도,여자,2022,100.0,11.3,2.5,42.4,32.1,11.6,3.3779999999999997,43.400000000000006,14.1,19.4
충청북도,여자,2023,100.0,13.6,2.7,38.8,32.8,12.1,3.425,46.4,14.8,20.8
충청북도,여자,2024,100.0,13.6,2.1,46.9,27.4,10.1,3.406,41.0,12.2,16.4
